candle_begin_time,open,high,low,close,volume
2017/1/1 0:00,966.61,966.61,966.61,966.61,1.65
2017/1/1 0:01,966.62,966.63,966.62,966.63,1.6625
2017/1/1 0:02,967.05,967.06,967.05,967.06,10.49307769
2017/1/1 0:03,967.37,967.4,967.37,967.39,9.392
2017/1/1 0:04,967.39,967.39,967.39,967.39,0.05
2017/1/1 0:05,967.55,967.79,967.55,967.56,2.35898433
2017/1/1 0:08,967.46,967.46,967.45,967.45,0.28612526
2017/1/1 0:09,967.34,967.34,966.77,966.77,0.05458003
2017/1/1 0:11,965.79,965.79,965.79,965.79,0.08125
2017/1/1 0:12,965.79,965.79,965.79,965.79,0.01246553
2017/1/1 0:13,965.73,965.73,965.03,965.03,0.36011534
2017/1/1 0:14,965.03,965.03,965.03,965.03,0.9066228
2017/1/1 0:15,965.03,965.03,965.02,965.02,1.679
2017/1/1 0:16,965.01,965.36,965,965.36,11.26012782
2017/1/1 0:17,965.3,965.3,965.05,965.05,1.291216
2017/1/1 0:18,965.05,965.83,965.05,965.83,10.510669
2017/1/1 0:19,965.11,965.11,965.11,965.11,0.4
2017/1/1 0:23,965.11,965.11,965.11,965.11,0.24260369
2017/1/1 0:29,966.26,966.48,965.12,966.47,10.01882
2017/1/1 0:30,966.46,966.46,966.46,966.46,0.14725971
2017/1/1 0:31,966.41,967.05,966.41,967.05,10
2017/1/1 0:32,967.04,967.04,967.04,967.04,1
2017/1/1 0:35,966.81,966.81,966.81,966.81,0.01893667
2017/1/1 0:36,965.43,965.43,965.42,965.42,0.4318
2017/1/1 0:38,966.35,966.8,966.35,966.8,3.1744384
2017/1/1 0:41,966.81,967.68,966.01,966.01,5.12386132
2017/1/1 0:50,966.63,966.73,966.03,966.03,2.65400584
2017/1/1 0:54,966.71,966.71,966.71,966.71,0.02984349
2017/1/1 0:57,966.71,967,966.71,967,3.37015651
2017/1/1 0:58,967,967,967,967,5.857
2017/1/1 0:59,967,967,967,967,1.047155
2017/1/1 1:00,967,967,967,967,1.12223415
2017/1/1 1:03,967.04,967.04,967.04,967.04,0.31
2017/1/1 1:04,967,967,967,967,0.01
2017/1/1 1:07,967,967,967,967,1.96
2017/1/1 1:08,967,967,967,967,2.9532
2017/1/1 1:10,967.2,967.2,967.2,967.2,2.992
2017/1/1 1:14,967.2,967.2,967.2,967.2,0.9978
2017/1/1 1:15,967.2,967.2,967.2,967.2,3.895
2017/1/1 1:18,967.25,967.25,967.25,967.25,0.13176101
2017/1/1 1:19,967.21,967.21,967.21,967.21,0.1
2017/1/1 1:22,967.21,967.21,967,967,2.4
2017/1/1 1:27,967,967,967,967,0.5
2017/1/1 1:30,966.6,966.9,966.1,966.11,8.48582945
2017/1/1 1:31,966.11,966.11,966.1,966.1,3.55417055
2017/1/1 1:32,966.01,966.01,966.01,966.01,0.3
2017/1/1 1:33,966.02,966.02,966.02,966.02,0.16
2017/1/1 1:34,966.11,966.11,966,966,10.77567055
2017/1/1 1:35,965.5,966.03,965.5,966,3.26
2017/1/1 1:36,965.89,965.89,965.89,965.89,0.01
2017/1/1 1:38,965.5,965.89,965.5,965.5,8.03038938
2017/1/1 1:41,966.04,966.04,965.59,965.59,0.88192128
2017/1/1 1:42,965.59,965.6,965.59,965.6,0.24
2017/1/1 1:45,965.59,965.59,965.59,965.59,0.18091744
2017/1/1 1:47,965.55,965.55,965.53,965.53,5.26
2017/1/1 1:48,965.54,965.59,965.54,965.59,2.1232
2017/1/1 1:52,965.5,965.5,965.5,965.5,0.02840019
2017/1/1 2:08,965.59,965.59,965.59,965.59,0.04430638
2017/1/1 2:14,965.59,965.59,965.59,965.59,0.97511416
2017/1/1 2:15,966.2,966.21,966.2,966.21,0.30110356
2017/1/1 2:25,966.24,966.31,966.24,966.31,0.05832829
2017/1/1 2:26,966.59,966.59,966.35,966.35,0.18156222
2017/1/1 2:28,966.35,966.35,966.35,966.35,0.74074996
2017/1/1 2:29,966.35,966.35,966,966,0.1775429
2017/1/1 2:30,966,966,966,966,0.0774564
2017/1/1 2:31,965.86,965.86,965.84,965.84,2.45656905
2017/1/1 2:32,965.84,965.84,965.84,965.84,5.8658
2017/1/1 2:33,965.84,965.84,965.84,965.84,1
2017/1/1 2:34,965.84,965.84,965.84,965.84,2
2017/1/1 2:35,965.84,965.84,965.84,965.84,2.515167
2017/1/1 2:37,965.52,965.52,965.5,965.5,32.37708414
2017/1/1 2:38,965.5,965.5,965.5,965.5,1
2017/1/1 2:39,965.5,965.5,965.5,965.5,1.01
2017/1/1 2:41,965.5,965.5,965.5,965.5,0.01022868
2017/1/1 2:42,965.5,965.5,965.5,965.5,0.78686896
2017/1/1 2:43,965.11,965.11,965.1,965.11,9.2401657
2017/1/1 2:48,965.1,965.1,965.1,965.1,2.194
2017/1/1 2:49,965.1,965.1,965.1,965.1,1
2017/1/1 2:50,965.1,965.1,965.1,965.1,1.5
2017/1/1 2:51,965.1,965.1,965,965,4.2681
2017/1/1 2:59,965,965,965,965,0.06
2017/1/1 3:02,965.01,965.01,965.01,965.01,0.01089
2017/1/1 3:09,965,965,965,965,7.2684
2017/1/1 3:18,965,965,965,965,1.61855828
2017/1/1 3:20,965,965,965,965,0.51526682
2017/1/1 3:21,965.01,965.01,963.86,964.48,29.15871954
2017/1/1 3:22,963.87,963.87,963.87,963.87,0.24662444
2017/1/1 3:23,963.87,963.87,963.87,963.87,0.058762
2017/1/1 3:24,963.87,963.87,963.86,963.86,3.61356262
2017/1/1 3:25,963.23,963.4,963.23,963.4,0.37050096
2017/1/1 3:26,963.16,963.16,963.16,963.16,0.4436363
2017/1/1 3:27,963.36,963.36,963.36,963.36,0.59777921
2017/1/1 3:28,963.36,963.36,963.36,963.36,0.74703933
2017/1/1 3:30,963.45,964.02,963.37,964.02,3.10808316
2017/1/1 3:31,963.9,964.01,963.9,964.01,0.13969631
2017/1/1 3:32,964.02,964.02,964.02,964.02,0.8
2017/1/1 3:34,964.01,964.01,964.01,964.01,0.54890548
2017/1/1 3:37,964.02,964.02,964.02,964.02,1
2017/1/1 3:39,964.01,964.01,964.01,964.01,2.45889038
2017/1/1 3:40,964.01,964.01,964.01,964.01,3
2017/1/1 3:44,964.02,964.02,963.9,963.9,0.68637037
2017/1/1 3:45,963.75,963.75,963.75,963.75,0.07372059
2017/1/1 3:47,964.12,964.12,964.12,964.12,0.0343812
2017/1/1 3:54,964.49,964.49,964.49,964.49,0.2
2017/1/1 4:00,963.84,963.84,963.51,963.51,2.24
2017/1/1 4:02,963.5,963.51,963.49,963.49,15.26848554
2017/1/1 4:03,963.3,963.3,962.79,962.98,0.39785774
2017/1/1 4:09,963.38,963.38,963.38,963.38,0.05109242
2017/1/1 4:11,963.27,963.38,963.27,963.36,0.20697435
2017/1/1 4:12,963.37,963.39,963.37,963.39,3.73300026
2017/1/1 4:13,963.82,963.82,963.68,963.68,3.23746963
2017/1/1 4:15,963.28,963.28,963.28,963.28,1.4
2017/1/1 4:16,963.9,963.9,963.9,963.9,0.47698758
2017/1/1 4:17,963.76,963.76,963.76,963.76,0.01036547
2017/1/1 4:18,963.37,963.37,963.37,963.37,1
2017/1/1 4:19,963.27,963.27,962.9,962.9,0.10568007
2017/1/1 4:20,963.28,963.28,962.91,963.28,1.7929118
2017/1/1 4:21,963.9,963.9,963.9,963.9,0.1
2017/1/1 4:23,963.49,963.49,963.49,963.49,0.12
2017/1/1 4:24,963.28,963.28,963.28,963.28,0.046
2017/1/1 4:26,963.08,963.08,963.08,963.08,0.14
2017/1/1 4:31,962.9,962.9,962.9,962.9,14.42986579
2017/1/1 4:33,962.78,962.78,962.78,962.78,0.1
2017/1/1 4:34,962.77,962.77,962.77,962.77,0.5
2017/1/1 4:35,962.77,962.77,962.77,962.77,0.5
2017/1/1 4:36,962.77,962.77,962.77,962.77,1.40460367
2017/1/1 4:37,962.59,962.59,961.26,961.27,11.40989665
2017/1/1 4:38,961.27,961.27,961.27,961.27,1.16107193
2017/1/1 4:39,961.27,961.27,961.27,961.27,0.0370216
2017/1/1 4:40,961.27,962.11,961.27,961.28,1.24482568
2017/1/1 4:42,961.33,961.33,961.33,961.33,1.24033637
2017/1/1 4:46,962.9,962.9,962.9,962.9,0.02488126
2017/1/1 4:47,962.95,962.95,962.13,962.82,2.5396
2017/1/1 4:50,962.99,962.99,962.9,962.9,0.35023141
2017/1/1 4:51,962.91,962.91,962.91,962.91,6.201
2017/1/1 4:52,962.62,962.62,962.51,962.51,4.6
2017/1/1 4:53,962.6,962.6,962.6,962.6,4.5
2017/1/1 5:02,962.98,962.98,962.98,962.98,0.08462559
2017/1/1 5:03,962.97,963,962.97,963,10
2017/1/1 5:04,962.47,962.9,962.47,962.9,0.22170168
2017/1/1 5:08,962.22,962.22,962.11,962.11,1.53102792
2017/1/1 5:12,962.16,962.16,962.16,962.16,0.243
2017/1/1 5:14,962.75,962.98,962.75,962.96,12.222
2017/1/1 5:19,962.97,962.97,962.95,962.95,3.13545906
2017/1/1 5:24,963,963,962.99,962.99,0.02913603
2017/1/1 5:28,962.98,962.98,962.98,962.98,2
2017/1/1 5:34,962.9,962.9,962.9,962.9,0.4
2017/1/1 5:35,962.56,962.64,962.56,962.64,0.12463168
2017/1/1 5:36,962.66,962.98,962.66,962.98,0.58698579
2017/1/1 5:37,963,963,963,963,40.23015347
2017/1/1 5:41,964.37,964.91,964.37,964.91,9.91691
2017/1/1 5:42,964.92,964.92,963.95,963.95,6.47518264
2017/1/1 5:43,964.03,964.03,964.03,964.03,1
2017/1/1 5:45,963.7,963.7,963.7,963.7,1.34001206
2017/1/1 5:48,964.57,964.57,964.45,964.45,0.37900935
2017/1/1 5:50,963.33,963.33,963.33,963.33,0.37876233
2017/1/1 5:54,965,965.2,965,965.2,0.01732414
2017/1/1 5:56,964.88,964.88,964.88,964.88,0.72613081
2017/1/1 6:01,963.9,963.9,963.9,963.9,0.1
2017/1/1 6:04,964.24,964.95,964.24,964.95,0.25214824
2017/1/1 6:06,963.01,963.49,963.01,963.08,20.1309
2017/1/1 6:09,963.09,963.09,963.09,963.09,0.03983977
2017/1/1 6:10,962.72,962.72,962.72,962.72,0.02083669
2017/1/1 6:13,963.71,963.71,963.71,963.71,0.52482103
2017/1/1 6:27,962.83,962.83,962.83,962.83,6
2017/1/1 6:30,963.49,963.49,963.36,963.4,0.25899428
2017/1/1 6:33,963.37,963.37,963.37,963.37,2.78744219
2017/1/1 6:35,963.5,965.48,963.5,965.48,14.42986579
2017/1/1 6:39,965.84,965.84,965.84,965.84,0.10120149
2017/1/1 6:40,966.92,967.24,965.92,965.92,4.32253764
2017/1/1 6:41,966.37,966.79,966.37,966.37,0.77612429
2017/1/1 6:43,966.37,966.37,965.97,965.97,2.17371675
2017/1/1 6:44,966.01,966.01,964.94,964.94,14.11490787
2017/1/1 6:45,964.95,964.95,964.95,964.95,0.03375084
2017/1/1 6:48,964.94,964.94,964.71,964.71,0.2253712
2017/1/1 6:49,964.86,965.28,964.5,965.18,13.04573961
2017/1/1 6:50,965.14,966.27,965.03,966.27,12.368
2017/1/1 6:51,966.53,966.53,966.53,966.53,0.48000215
2017/1/1 6:52,964.8,964.8,964.8,964.8,2.43290059
2017/1/1 6:53,964.86,964.9,964.86,964.9,0.61192792
2017/1/1 6:54,964.86,964.88,964.54,964.88,1.60927628
2017/1/1 6:56,964.88,964.88,964.88,964.88,0.31164
2017/1/1 6:57,964.93,964.99,964.93,964.99,0.33566501
2017/1/1 6:59,967.05,967.45,967.05,967.45,8.17687028
2017/1/1 7:00,966.48,966.48,966.48,966.48,0.40311443
2017/1/1 7:01,966.54,966.54,966.54,966.54,1.31
2017/1/1 7:02,966.55,966.55,966.54,966.54,3.52285159
2017/1/1 7:05,966.62,966.62,966.62,966.62,0.23684779
2017/1/1 7:12,966.62,966.62,966.62,966.62,0.5
2017/1/1 7:14,967.41,967.41,967.41,967.41,1
2017/1/1 7:15,967,967,967,967,13.2
2017/1/1 7:16,967.01,967.01,966.6,966.6,0.706694
2017/1/1 7:17,966.67,966.67,966.67,966.67,0.4
2017/1/1 7:31,966.56,966.56,966.55,966.55,2.2
2017/1/1 7:36,966.56,966.56,966.56,966.56,1.19111499
2017/1/1 7:37,966.21,966.21,966.21,966.21,0.01083317
2017/1/1 7:39,966.21,966.21,966.21,966.21,0.060935
2017/1/1 7:46,966.3,966.3,966.3,966.3,1
2017/1/1 7:47,966.29,966.29,966.29,966.29,0.03591128
2017/1/1 7:48,966.29,966.3,966.29,966.3,0.13500829
2017/1/1 7:50,966.29,966.29,966.29,966.29,0.1294901
2017/1/1 7:51,965.9,965.9,965.9,965.9,0.1
2017/1/1 7:52,965.82,965.82,965.82,965.82,1
2017/1/1 7:56,965.8,965.8,965.8,965.8,0.264
2017/1/1 7:58,965.81,965.81,965.81,965.81,0.08221004
2017/1/1 8:00,965.81,965.81,965.81,965.81,0.1
2017/1/1 8:01,965.81,965.81,965.81,965.81,0.73194356
2017/1/1 8:03,965.81,965.81,965.8,965.8,0.0301886
2017/1/1 8:08,963.66,965.8,962.6,964.95,99.90574232
2017/1/1 8:09,964.82,964.86,964.77,964.86,20.49459496
2017/1/1 8:10,963.64,964.86,963.64,964.85,4.69180478
2017/1/1 8:14,964.98,964.98,964.98,964.98,5.44009
2017/1/1 8:21,964.97,964.97,964.97,964.97,0.16
2017/1/1 8:22,964.98,964.98,964.98,964.98,1.49
2017/1/1 8:23,964.99,965,964.99,965,6.50639426
2017/1/1 8:25,965.28,965.28,965.28,965.28,0.09137099
2017/1/1 8:26,965.28,965.7,965.27,965.7,4.60170328
2017/1/1 8:30,965.47,965.7,965.47,965.7,0.11
2017/1/1 8:33,965.47,965.86,965.47,965.67,3.45662173
2017/1/1 8:35,965.67,965.67,965.67,965.67,0.14364978
2017/1/1 8:36,965.67,965.67,965.67,965.67,0.56920055
2017/1/1 8:43,965.85,965.85,965.85,965.85,0.5
2017/1/1 8:44,965.85,965.85,965.85,965.85,0.04805369
2017/1/1 8:46,965.85,965.85,965.85,965.85,0.04584904
2017/1/1 8:47,965.85,965.85,965.85,965.85,0.08487308
2017/1/1 8:49,965.76,965.76,965.59,965.59,0.31338959
2017/1/1 8:50,965.59,965.59,965.59,965.59,0.08620861
2017/1/1 8:51,965.46,965.46,965.46,965.46,0.01601767
2017/1/1 9:00,965.41,965.41,965.4,965.4,2.11
2017/1/1 9:09,965.44,965.44,965.44,965.44,0.02629498
2017/1/1 9:14,965.81,965.81,965.81,965.81,0.01983474
2017/1/1 9:22,965.81,965.81,965.81,965.81,3.03525008
2017/1/1 9:23,965.81,965.81,965.81,965.81,0.55608238
2017/1/1 9:27,965.37,965.37,965.37,965.37,0.02
2017/1/1 9:28,965.98,965.98,965.98,965.98,0.58138
2017/1/1 9:29,965.99,965.99,965.99,965.99,0.56155811
2017/1/1 9:31,966,966,966,966,0.03040014
2017/1/1 9:34,966.12,966.12,966.12,966.12,1.342
2017/1/1 9:38,966.2,966.2,966.2,966.2,0.02
2017/1/1 9:41,966.19,966.19,966.19,966.19,0.09110252
2017/1/1 9:42,966.19,966.19,966.19,966.19,7.99639426
2017/1/1 9:43,966.2,966.57,966.2,966.57,0.41242681
2017/1/1 9:46,966.49,966.49,965.99,966,5.67591
2017/1/1 9:47,965.9,965.9,965.9,965.9,0.1
2017/1/1 9:48,965.94,966,965.94,966,7.50490993
2017/1/1 9:49,966,966,966,966,1
2017/1/1 9:56,965.9,965.9,965.9,965.9,0.07577231
2017/1/1 9:57,965.9,965.9,965.89,965.89,0.12918634
2017/1/1 9:58,965.98,965.98,965.98,965.98,1
2017/1/1 10:01,965.99,965.99,965.99,965.99,0.02328746
2017/1/1 10:02,965.99,965.99,965.99,965.99,0.05642857
2017/1/1 10:04,966,966.7,966,966.7,6.07850322
2017/1/1 10:05,966.4,966.7,966.4,966.7,0.21475848
2017/1/1 10:06,966.71,969.2,966.71,969.2,112.2731598
2017/1/1 10:07,969.37,970,969.36,970,90.70627619
2017/1/1 10:08,969.31,970,969.31,970,2.24083977
2017/1/1 10:09,969.77,970,969.77,970,8.12283853
2017/1/1 10:10,970,970,969.76,970,27.66543467
2017/1/1 10:12,970,970,970,970,30.95224808
2017/1/1 10:13,970.2,971.69,969.43,969.61,19.79234345
2017/1/1 10:14,969.68,969.75,969.68,969.75,5.23284622
2017/1/1 10:15,971.32,971.32,970.04,970.78,3.1024
2017/1/1 10:16,971.49,972,971.49,972,17.23621023
2017/1/1 10:17,971.99,972,971.92,971.96,109.929743
2017/1/1 10:18,971.64,972.49,971.64,972.25,2.4936986
2017/1/1 10:19,972.28,973.78,971.99,973.78,10.28239188
2017/1/1 10:20,973.78,973.79,971.9,972.01,9.62632896
2017/1/1 10:21,973.79,973.79,971.95,972.03,3.83346968
2017/1/1 10:22,972.46,972.95,969.45,971.5,20.75748088
2017/1/1 10:23,971.5,971.5,969.81,970.09,2.125
2017/1/1 10:24,970.2,971.72,970.2,970.88,2.3805
2017/1/1 10:25,970.81,970.81,969.26,969.26,3.89190455
2017/1/1 10:26,969.89,969.89,969.25,969.25,2.0146
2017/1/1 10:27,970.91,972.77,969.63,971.05,24.324029
2017/1/1 10:28,971.25,972.01,971.25,972.01,2.0101
2017/1/1 10:29,972.21,972.21,972,972.1,2.8115
2017/1/1 10:30,972.03,972.3,972.03,972.05,3.3622
2017/1/1 10:31,972.02,972.74,972,972.01,2.33747578
2017/1/1 10:32,972,972,972,972,2.0141
2017/1/1 10:33,972,972.27,970.03,972.22,11.5154
2017/1/1 10:34,972,972,969.35,970.12,2.20889477
2017/1/1 10:35,969.64,970.39,969.64,970.39,2.0093
2017/1/1 10:36,970.4,970.4,970.4,970.4,1.009105
2017/1/1 10:37,970.49,970.49,970.49,970.49,1.0090021
2017/1/1 10:38,969.66,972.02,969.66,972.02,11.03334377
2017/1/1 10:39,973.01,973.01,972.5,973.01,36.38805453
2017/1/1 10:40,973.01,973.01,971.38,971.38,30.95919712
2017/1/1 10:41,972,973.5,972,973.5,3.4865299
2017/1/1 10:42,973.62,974.5,973.62,973.78,25.43615151
2017/1/1 10:43,974.51,975.14,973.68,973.68,46.35783901
2017/1/1 10:44,975.5,976,973.62,973.62,64.99795129
2017/1/1 10:45,975.31,975.31,975.31,975.31,2.14445482
2017/1/1 10:46,975.4,975.41,975.4,975.4,5.2090385
2017/1/1 10:47,975.13,976,974.37,974.37,61.69082007
2017/1/1 10:48,974.37,975,973.81,974,26.24182235
2017/1/1 10:49,974.36,974.36,974,974,3.69173955
2017/1/1 10:50,974,974.03,974,974.03,2.013272
2017/1/1 10:51,974.4,974.47,974.4,974.46,2.40875839
2017/1/1 10:52,974.46,976.5,974.46,976.49,109.0098919
2017/1/1 10:53,976.49,976.5,976.49,976.49,3.5169321
2017/1/1 10:54,976.49,976.5,976.49,976.49,14.19151475
2017/1/1 10:55,976.49,976.51,976.49,976.51,7.327613
2017/1/1 10:56,976.51,977.6,976.51,977,7.59079107
2017/1/1 10:57,977,977.59,977,977.01,3.0197755
2017/1/1 10:58,978.02,978.02,977.01,977.01,47.46416634
2017/1/1 10:59,977.01,977.01,977.01,977.01,2.0113218
2017/1/1 11:00,977.71,978.01,977.71,978.01,7.8172276
2017/1/1 11:01,978.01,978.02,978,978,26.7455131
2017/1/1 11:02,978.02,978.02,978,978,2.1155419
2017/1/1 11:03,978,978.01,978,978,2.0519863
2017/1/1 11:04,978,978,976.09,977.21,19.4804546
2017/1/1 11:05,977.22,977.82,976.15,976.15,11.45134944
2017/1/1 11:06,976.13,977.51,976,976,26.10459591
2017/1/1 11:07,976,976.13,975.61,975.62,18.4107609
2017/1/1 11:08,975.61,975.61,975.05,975.09,6.8902809
2017/1/1 11:09,975.62,977.09,975.62,975.68,6.2576352
2017/1/1 11:10,976,976.68,975.62,975.62,2.2292113
2017/1/1 11:11,975.65,975.65,975.63,975.63,3.0647513
2017/1/1 11:12,975.62,975.62,975.62,975.62,2.25999053
2017/1/1 11:13,975.63,975.63,975.62,975.62,2.0316344
2017/1/1 11:14,975.62,975.62,975.62,975.62,2.0288871
2017/1/1 11:15,975.62,976.8,975.62,976.8,2.02607803
2017/1/1 11:16,976.8,976.92,976.8,976.81,5.0121879
2017/1/1 11:17,976.81,977.34,976.8,976.8,18.12144044
2017/1/1 11:18,976.8,977.28,976.8,977.27,5.6319372
2017/1/1 11:19,977.27,977.59,977.26,977.27,14.28419631
2017/1/1 11:20,977.26,977.26,976.81,976.81,7.82107906
2017/1/1 11:21,976.81,977,976.8,976.96,12.76967237
2017/1/1 11:22,977,978,976.81,976.81,32.94332181
2017/1/1 11:23,976.81,977.09,976.8,976.81,20.0068719
2017/1/1 11:24,976.81,976.81,976.81,976.81,2.0188072
2017/1/1 11:25,976.8,976.8,976.8,976.8,2.0284483
2017/1/1 11:26,976.8,976.8,975.91,976.3,2.2118397
2017/1/1 11:27,975.92,975.96,975.92,975.96,2.0073898
2017/1/1 11:28,977.44,977.99,975.96,975.96,10.99322415
2017/1/1 11:29,977.33,977.98,977.33,977.96,41.99603275
2017/1/1 11:30,977.98,978,976.05,978,33.37054016
2017/1/1 11:31,978,978,976.54,978,41.2933486
2017/1/1 11:32,978,978,976.55,978,41.51662706
2017/1/1 11:33,978,978,976.52,977.93,28.12175096
2017/1/1 11:34,977.9,978,977.18,978,36.73154025
2017/1/1 11:35,978,978.89,976.52,978.5,32.53596073
2017/1/1 11:36,978.5,978.5,977.1,977.1,22.92185437
2017/1/1 11:37,977.5,977.5,976.52,976.52,2.0228757
2017/1/1 11:38,976.57,977.09,976.57,977.09,2.0080061
2017/1/1 11:39,977.04,977.13,977.04,977.13,2.0087071
2017/1/1 11:40,977.7,977.79,977.7,977.7,3.8805372
2017/1/1 11:41,977.64,977.81,977.04,977.04,2.30136543
2017/1/1 11:42,977.08,977.08,977.04,977.04,2.72778064
2017/1/1 11:43,977.04,977.06,977.04,977.06,2.0093954
2017/1/1 11:44,977.53,977.81,977.12,977.14,9.79432579
2017/1/1 11:45,977.27,977.27,977.25,977.25,2.0146342
2017/1/1 11:46,977.59,977.8,977.59,977.8,11.03463485
2017/1/1 11:47,977.8,978.11,977.42,977.43,29.81225298
2017/1/1 11:48,977.19,977.55,977.19,977.55,2.0106868
2017/1/1 11:49,977.16,977.65,977.16,977.65,2.0095594
2017/1/1 11:50,977.65,977.66,977.65,977.66,2.0150891
2017/1/1 11:51,977.98,977.98,977.98,977.98,2.1134182
2017/1/1 11:52,977.98,977.98,977.98,977.98,2.0131749
2017/1/1 11:53,977.98,977.99,977.98,977.98,2.13551615
2017/1/1 11:54,977.99,978.51,977.98,978.51,33.2234596
2017/1/1 11:55,978.52,978.6,977.98,978.6,18.89594915
2017/1/1 11:56,978.6,978.6,977.12,978.6,7.22489672
2017/1/1 11:57,978.89,978.89,977.22,977.22,11.63033389
2017/1/1 11:58,977.18,977.18,977.15,977.15,2.0086575
2017/1/1 11:59,977.24,978.26,977.13,978.16,2.12240996
2017/1/1 12:00,977.11,978.59,977.11,978.41,4.32165481
2017/1/1 12:01,977.18,978.53,977.12,977.12,2.049392
2017/1/1 12:02,977.13,977.13,977.1,977.1,2.0106063
2017/1/1 12:03,977.1,977.1,977.1,977.1,2.0106619
2017/1/1 12:04,977,977.1,975.98,976.92,2.0086803
2017/1/1 12:05,977.66,977.66,976.76,976.87,2.21254158
2017/1/1 12:06,976.71,976.71,976.52,976.52,2.1120857
2017/1/1 12:07,977.48,977.48,976.27,976.27,2.09365204
2017/1/1 12:08,976.26,977.37,976.02,976.02,6.39636753
2017/1/1 12:09,976.02,976.02,976.02,976.02,2.2734365
2017/1/1 12:10,976.02,976.02,976.02,976.02,2.004416
2017/1/1 12:11,976.02,976.29,976.02,976.02,2.0506194
2017/1/1 12:12,976.29,976.29,976.02,976.02,2.0957616
2017/1/1 12:13,976,976.29,976,976,2.2060118
2017/1/1 12:14,976,977.85,976,976.48,2.95641507
2017/1/1 12:15,976.01,976.01,976.01,976.01,2.0042222
2017/1/1 12:16,977.84,977.84,976.01,976.01,3.0017563
2017/1/1 12:17,976,976.02,976,976.02,3.05278088
2017/1/1 12:18,976.01,978.14,976.01,976.19,7.09771362
2017/1/1 12:19,976.1,976.18,976.04,976.18,2.004156
2017/1/1 12:20,976.31,976.31,976.19,976.19,2.0161622
2017/1/1 12:21,974.97,977.05,974.97,974.98,17.81139228
2017/1/1 12:22,975.34,975.35,975.34,975.35,2.5652363
2017/1/1 12:23,975.35,975.35,975.35,975.35,2.0054683
2017/1/1 12:24,975.35,976.25,975.35,976.25,4.9305113
2017/1/1 12:25,976.19,976.19,975.35,975.35,6.57773222
2017/1/1 12:26,975.35,975.35,975.25,975.34,2.0146691
2017/1/1 12:27,977.23,977.23,975.07,975.07,3.28848318
2017/1/1 12:28,975.37,975.37,974.99,974.99,2.0079485
2017/1/1 12:29,975.01,975.01,975,975,2.21654846
2017/1/1 12:30,974.98,977.17,974.98,975.78,6.6552912
2017/1/1 12:31,974.98,974.98,974.98,974.98,2.0100214
2017/1/1 12:32,974.98,974.98,974.98,974.98,3.76623234
2017/1/1 12:33,975.01,975.11,975.01,975.11,2.0052272
2017/1/1 12:34,975.11,975.11,975.11,975.11,2.0057657
2017/1/1 12:35,975.11,977.14,975.11,975.84,7.06167397
2017/1/1 12:36,975.37,975.37,975.11,975.11,2.0072398
2017/1/1 12:37,975.11,976.52,975.11,975.11,11.004575
2017/1/1 12:38,975.11,975.11,975.1,975.1,2.0149333
2017/1/1 12:39,975.24,975.45,975.24,975.45,2.0086818
2017/1/1 12:40,976.1,976.1,975.1,975.1,8.1077882
2017/1/1 12:41,976.04,976.12,975.1,975.1,9.43743483
2017/1/1 12:42,973.71,975.1,970.85,972.41,47.19239295
2017/1/1 12:43,972.52,973.27,971.38,973.27,2.46748419
2017/1/1 12:44,971.95,973.71,971.94,973.42,2.2122012
2017/1/1 12:45,972.39,972.97,971.29,971.52,17.2424713
2017/1/1 12:46,971.52,972.13,971.51,971.85,2.0040047
2017/1/1 12:47,973.47,973.72,971.85,973.55,5.60199461
2017/1/1 12:48,974.19,974.19,971.86,971.86,12.0132294
2017/1/1 12:49,971.92,971.94,971.92,971.94,0.345
2017/1/1 12:51,973.74,973.94,973.74,973.94,0.1005243
2017/1/1 12:52,973.8,973.8,973.16,973.4,6.91801052
2017/1/1 12:53,972.56,972.59,972,972.59,12.82475419
2017/1/1 12:54,972.95,973.76,972.82,973.66,11.64300764
2017/1/1 12:55,973.56,973.56,973.46,973.46,1.68391755
2017/1/1 12:57,973.1,973.17,973.1,973.17,0.981799
2017/1/1 12:58,973.65,973.65,973.32,973.32,9.818
2017/1/1 13:00,973.98,973.98,973.98,973.98,0.65038853
2017/1/1 13:01,973.98,973.98,973.98,973.98,13
2017/1/1 13:04,975.11,975.11,975,975,1
2017/1/1 13:05,975.25,975.25,975.25,975.25,8.39073605
2017/1/1 13:06,974.3,975.25,974.3,975.25,0.02
2017/1/1 13:08,974.5,974.5,974.5,974.5,0.02
2017/1/1 13:16,974.89,974.89,974.89,974.89,0.05621668
2017/1/1 13:25,974.8,974.8,974.8,974.8,7.9098
2017/1/1 13:29,974.8,974.8,974.8,974.8,0.019122
2017/1/1 13:31,974.8,974.8,974.8,974.8,0.09943556
2017/1/1 13:33,974.86,974.86,974.86,974.86,0.1185
2017/1/1 13:35,973.75,975.32,973.75,975.32,3.10404723
2017/1/1 13:39,975.57,976.71,975.57,976.71,9
2017/1/1 13:41,976.72,976.72,976.72,976.72,0.92
2017/1/1 13:44,976.24,976.24,975.49,975.49,15.26487306
2017/1/1 13:45,977.12,977.12,977.12,977.12,0.01
2017/1/1 13:46,975.5,977.1,975.5,977.1,1
2017/1/1 13:47,977.29,978.03,977.29,977.29,13.82022468
2017/1/1 13:48,978.02,978.49,978.02,978.08,2.55
2017/1/1 13:49,976.58,978.51,976.54,976.54,3.3598263
2017/1/1 13:50,978.08,978.08,978.08,978.08,0.0125
2017/1/1 13:52,976.54,977.21,976.54,977.21,0.11148832
2017/1/1 13:53,976.53,976.53,976.53,976.53,0.09921267
2017/1/1 13:54,976.6,976.77,976.6,976.77,1.630527
2017/1/1 13:58,976.9,976.9,976.9,976.9,0.18
2017/1/1 13:59,976.89,976.89,976.89,976.89,0.02
2017/1/1 14:04,976.58,978,976.58,976.78,9.084
2017/1/1 14:07,976.51,977.86,976.51,977.86,0.05126412
2017/1/1 14:09,976.73,976.73,976.73,976.73,0.09373793
2017/1/1 14:11,976.92,976.92,976.92,976.92,0.32098146
2017/1/1 14:13,976.55,976.55,976.54,976.54,12.04447356
2017/1/1 14:24,976.55,976.55,976.55,976.55,0.04078095
2017/1/1 14:25,976.55,976.55,976.55,976.55,0.02833316
2017/1/1 14:27,976.53,976.53,976.5,976.5,13
2017/1/1 14:31,976.51,976.51,976.51,976.51,0.06143988
2017/1/1 14:32,976.5,976.5,976.5,976.5,0.04654811
2017/1/1 14:33,976.5,976.5,976,976,9.16725989
2017/1/1 14:34,976,976.06,976,976.06,10.13498808
2017/1/1 14:35,976.06,976.06,976.06,976.06,0.06319039
2017/1/1 14:36,976.06,976.06,976.06,976.06,0.40249616
2017/1/1 14:37,976.06,976.06,976.06,976.06,0.03
2017/1/1 14:38,976,976.06,976,976.06,0.37103483
2017/1/1 14:40,976,976,976,976,2.8725
2017/1/1 14:41,976.06,976.06,976.06,976.06,0.3
2017/1/1 14:42,976,976.06,976,976,1.12144644
2017/1/1 14:47,976,976,976,976,3.09236954
2017/1/1 14:48,976.06,976.06,976.01,976.01,0.70305304
2017/1/1 14:49,976.06,977.03,976.06,976.55,1.75730353
2017/1/1 14:50,977,977,977,977,0.22182021
2017/1/1 14:54,977.13,977.27,977.13,977.27,0.50042895
2017/1/1 14:55,977.37,977.94,977.37,977.39,12.67496854
2017/1/1 14:56,977.95,978.49,977.95,978.48,8.08826333
2017/1/1 14:57,978.48,978.48,978,978,2.13189286
2017/1/1 14:58,978.02,978.46,978.02,978.46,18.78286305
2017/1/1 14:59,978.46,978.46,978.45,978.45,8.64314178
2017/1/1 15:00,979,979,978.5,978.99,22.01301642
2017/1/1 15:01,978.99,979.78,978.99,979.78,20.39916939
2017/1/1 15:02,978.99,979.46,978.99,978.99,3.26181113
2017/1/1 15:03,979.33,979.68,978.99,978.99,3.9707988
2017/1/1 15:04,978.99,978.99,978.99,978.99,2.01245057
2017/1/1 15:05,978.99,979.67,978.99,978.99,2.51162191
2017/1/1 15:06,978.99,979.67,978.99,978.99,2.05220765
2017/1/1 15:07,978.99,978.99,978.99,978.99,4.74894632
2017/1/1 15:08,978.99,979.78,978.99,979.77,10.98734693
2017/1/1 15:09,979,979.04,979,979.04,2.0155136
2017/1/1 15:10,978.99,979,978.99,979,2.55305462
2017/1/1 15:11,978.99,979,978.99,979,5.62190307
2017/1/1 15:12,979,979,976.46,978.41,24.51397186
2017/1/1 15:13,978,978,978,978,1.00178182
2017/1/1 15:14,978,978,978,978,3.99821818
2017/1/1 15:15,978.16,978.75,978.01,978.59,7.07121373
2017/1/1 15:16,978.55,979.67,978.06,978.67,66.54115916
2017/1/1 15:17,978.38,978.38,978.38,978.38,0.01
2017/1/1 15:19,979.79,979.79,978,979.52,50
2017/1/1 15:21,978.01,979.35,978.01,978.01,7.41428181
2017/1/1 15:22,978.37,978.57,978.37,978.57,2.81433865
2017/1/1 15:23,979.29,979.78,978.51,978.51,3.3308139
2017/1/1 15:24,978.56,979,978.51,978.51,2.01303419
2017/1/1 15:25,979,979,977.08,978.65,2.00993502
2017/1/1 15:26,977.33,977.33,977.33,977.33,0.9887
2017/1/1 15:27,979.38,979.38,977.87,978,5.3
2017/1/1 15:28,977.99,978,977.92,978,2.52972497
2017/1/1 15:29,978,978,978,978,2.00986916
2017/1/1 15:30,978,978.23,978,978.23,2.31198347
2017/1/1 15:31,978.26,978.77,978.26,978.77,2.08563024
2017/1/1 15:32,978.96,979.38,978.96,979.38,2.01473839
2017/1/1 15:33,979.2,979.2,978.78,978.78,2.7086442
2017/1/1 15:34,979.22,979.7,979.22,979.7,2.32206547
2017/1/1 15:35,979.31,979.78,979.21,979.78,7.0052194
2017/1/1 15:36,979.79,979.79,979.69,979.69,9.50342606
2017/1/1 15:37,979.71,979.71,979.71,979.71,2.01502692
2017/1/1 15:38,979.81,979.81,979.81,979.81,2.03017179
2017/1/1 15:39,979.89,979.89,979.89,979.89,2.00300932
2017/1/1 15:40,979.89,979.89,979.89,979.89,2.00730889
2017/1/1 15:41,979.89,979.89,979.8,979.8,2.50758873
2017/1/1 15:42,979.8,979.8,979.8,979.8,2.41322483
2017/1/1 15:43,979.8,979.86,979.8,979.86,2.41560861
2017/1/1 15:44,979.88,979.88,979.88,979.88,2.01013887
2017/1/1 15:45,979.9,979.97,979.9,979.9,4.12477163
2017/1/1 15:46,979.91,980,979.81,980,13.11158114
2017/1/1 15:47,980,980,979.81,979.81,2.61252622
2017/1/1 15:48,979.81,979.81,979.81,979.81,2.00909316
2017/1/1 15:49,979.81,980,979.81,979.81,2.0642794
2017/1/1 15:50,979.81,979.81,979.81,979.81,2.2272126
2017/1/1 15:51,979.99,979.99,979.99,979.99,0.08125
2017/1/1 15:52,979.99,979.99,979.82,979.82,1.47793376
2017/1/1 15:53,979.82,979.98,979.82,979.85,1.70395635
2017/1/1 15:54,979.85,980,979.85,979.99,12.58026012
2017/1/1 15:55,980,980,980,980,0.32022
2017/1/1 15:56,980,980.1,980,980.1,2.0947324
2017/1/1 15:57,981,982,980.2,981.96,101.2695073
2017/1/1 15:58,981.94,981.98,981.94,981.94,4.11548767
2017/1/1 15:59,981.94,981.96,981.94,981.96,0.83
2017/1/1 16:00,981.97,984,981.97,983.7,69.79169212
2017/1/1 16:01,983.93,984.87,983.93,984,3.225124
2017/1/1 16:02,983.08,984.01,983.07,984.01,12.125
2017/1/1 16:03,984.01,984.8,984.01,984.63,24.10503466
2017/1/1 16:04,984.62,989.9,984.56,986.43,557.1423836
2017/1/1 16:05,986.47,988.89,984.55,984.55,76.13160799
2017/1/1 16:06,984.55,987.15,984.55,987.15,13.88360092
2017/1/1 16:07,985.84,985.84,984.6,985,0.21
2017/1/1 16:08,985.65,985.92,985.65,985.65,1.883
2017/1/1 16:09,985.65,985.87,985.63,985.87,1.05
2017/1/1 16:10,985.29,986,985.13,985.85,5.69456606
2017/1/1 16:11,985.38,985.38,983,983,32.03602039
2017/1/1 16:12,983.37,984.24,983.37,983.9,28.0452
2017/1/1 16:13,983.4,984.53,983.4,983.51,8.34364837
2017/1/1 16:14,983.51,984.19,982.87,983,36.73936477
2017/1/1 16:15,983,984.6,982.5,982.5,62.66087461
2017/1/1 16:16,982.51,983,978,980.61,142.1480038
2017/1/1 16:17,978.41,981.66,976.24,977.55,190.8727204
2017/1/1 16:18,980.18,981.01,977.05,981,87.70941916
2017/1/1 16:19,980.21,982.91,980.21,982.91,41.01437
2017/1/1 16:20,983.62,984.2,982.37,982.37,42.728
2017/1/1 16:21,982.21,984.07,982.21,983,17.1181
2017/1/1 16:22,984.18,984.18,983.05,983.05,0.11052375
2017/1/1 16:23,983.25,984.21,983.25,984.21,6.99431691
2017/1/1 16:24,984.12,984.12,984.12,984.12,0.1
2017/1/1 16:25,983.64,983.64,983.64,983.64,0.2
2017/1/1 16:26,983.55,983.55,983.01,983.01,0.37124705
2017/1/1 16:27,983.46,983.46,983.44,983.44,13.8881
2017/1/1 16:28,984.8,986,984.04,986,103.8696435
2017/1/1 16:29,985.92,987.38,985.92,987.17,84.00554564
2017/1/1 16:30,987.08,989,987.08,988.25,58.97819509
2017/1/1 16:31,988.25,989.9,988,988.01,126.3548504
2017/1/1 16:32,988.24,989.71,986.96,987.55,32.10988757
2017/1/1 16:34,986.14,986.57,986.14,986.57,4.45818925
2017/1/1 16:35,986.5,986.97,986.18,986.97,20.89643714
2017/1/1 16:36,986.96,987.98,986.85,987.61,41.56936676
2017/1/1 16:37,989.08,991.98,987.6,991.88,263.9451153
2017/1/1 16:38,991.88,994,991.36,993.99,253.3810055
2017/1/1 16:39,994,994,992.29,994,255.9969126
2017/1/1 16:40,994,997.74,994,995.99,1175.195572
2017/1/1 16:41,995.32,995.99,991.68,994.97,84.48547124
2017/1/1 16:42,994.98,997.99,994.98,995.98,33.20976037
2017/1/1 16:43,996.72,999,993.44,999,199.2332764
2017/1/1 16:44,999,999,995.21,998.93,67.03370302
2017/1/1 16:45,998.2,998.2,996.14,996.69,32.64213688
2017/1/1 16:46,996.14,997.66,996.14,996.68,3.26508216
2017/1/1 16:47,997.59,997.66,997.03,997.43,24.23122011
2017/1/1 16:48,997.33,997.33,995.64,996.37,1.23579165
2017/1/1 16:49,996.34,996.59,995.74,996.02,12.33766591
2017/1/1 16:50,995.99,996,994.67,995.08,26.35130816
2017/1/1 16:51,995.99,995.99,994.23,994.25,25.34693744
2017/1/1 16:52,994.28,994.28,992.5,993,85.99477303
2017/1/1 16:53,992.52,993,992.52,992.91,59.94988219
2017/1/1 16:54,992.59,992.91,992.59,992.8,31.90286554
2017/1/1 16:55,993,994,992.6,993.04,53.31575542
2017/1/1 16:56,993.68,994.25,993.68,993.91,5.9058238
2017/1/1 16:57,993,993.95,992.98,992.98,44.62370412
2017/1/1 16:58,993.97,995.01,990.12,994.97,59.87350872
2017/1/1 16:59,995.03,996.43,995.03,996.29,9.02404299
2017/1/1 17:00,996.23,996.23,995.43,995.99,20.00329031
2017/1/1 17:01,996,996,995.77,995.99,5.13245225
2017/1/1 17:02,995.99,995.99,994.61,994.61,19.40279759
2017/1/1 17:03,994.61,995.37,994.04,995.32,7.48329665
2017/1/1 17:04,993.9,994.05,993.9,993.9,15.1274562
2017/1/1 17:05,993.9,994.49,993.9,994.49,17.41273918
2017/1/1 17:06,994.49,994.49,994.49,994.49,0.05
2017/1/1 17:07,994.35,994.35,994.24,994.24,3.79087236
2017/1/1 17:08,994.24,995.67,993.37,993.37,10.83658229
2017/1/1 17:10,994.2,995.99,994.2,995.99,4.62
2017/1/1 17:11,995.78,996,995.78,995.97,0.11404105
2017/1/1 17:12,996,996.6,996,996.6,2.39731697
2017/1/1 17:13,997,997,996.95,997,1.25309877
2017/1/1 17:14,996.98,997.04,996.98,997,37.24946435
2017/1/1 17:15,997,997.01,995.13,995.13,33.43396655
2017/1/1 17:16,995.43,995.44,994.41,994.41,12.61506086
2017/1/1 17:17,995.45,995.45,995.45,995.45,0.01813637
2017/1/1 17:18,995.29,995.29,995.29,995.29,0.09012068
2017/1/1 17:19,995.27,995.46,995.27,995.39,10.75904756
2017/1/1 17:20,996,996.01,994.76,994.76,23.33878464
2017/1/1 17:21,995.89,998.44,994.64,997.01,68.08753426
2017/1/1 17:22,997.01,997.64,997.01,997.64,3.142
2017/1/1 17:23,998.5,999,997.39,998.94,87.58057002
2017/1/1 17:24,997.07,999,994.73,997.01,79.46541344
2017/1/1 17:25,998.77,998.78,998.74,998.76,0.20976114
2017/1/1 17:26,992.9,997.62,992.9,997.62,128.6519057
2017/1/1 17:27,997.46,997.46,997.16,997.44,0.80736363
2017/1/1 17:28,994.6,995.51,994.6,994.61,3.62074911
2017/1/1 17:29,995.76,997.46,995.76,995.86,0.87794606
2017/1/1 17:30,995.8,995.8,995.75,995.75,2.6114
2017/1/1 17:31,995.75,995.75,995.75,995.75,0.01
2017/1/1 17:32,996.4,996.41,996.4,996.4,0.35395439
2017/1/1 17:34,996.54,997.49,995.7,996,30.59474229
2017/1/1 17:35,996.54,997.09,996.54,997.08,13.47649918
2017/1/1 17:36,997.2,997.2,996.54,996.54,13.81823539
2017/1/1 17:37,996.54,996.55,993.78,994.99,16.99127161
2017/1/1 17:38,993.78,995.91,993.41,995.18,9.11603258
2017/1/1 17:39,995.18,995.18,994.58,994.58,22.09966984
2017/1/1 17:40,995.75,995.86,995.75,995.86,2.06124159
2017/1/1 17:41,994.87,995,994.87,995,5.13
2017/1/1 17:42,995.41,995.41,995.01,995.01,4.85119
2017/1/1 17:43,995.01,996.54,995,996.53,15.701
2017/1/1 17:44,996.82,996.83,996.6,996.6,2.02
2017/1/1 17:45,996.49,996.97,996.49,996.86,1.3
2017/1/1 17:46,996.21,996.28,996.21,996.25,2.95625144
2017/1/1 17:47,995.4,995.4,995.4,995.4,0.44273857
2017/1/1 17:48,995.39,995.4,995,995.37,36.7258907
2017/1/1 17:49,995.37,995.37,994.17,994.38,22.49442805
2017/1/1 17:50,995,995.27,995,995.24,1.35113385
2017/1/1 17:51,995.32,995.32,995.3,995.3,0.18679376
2017/1/1 17:52,990.86,994.35,987.18,991.51,154.866663
2017/1/1 17:53,991.51,991.52,990.1,990.13,30.51924521
2017/1/1 17:54,990.86,991.41,990.68,991.41,3.86427089
2017/1/1 17:55,991.95,991.95,991.95,991.95,0.04800878
2017/1/1 17:56,992,992.53,992,992.14,0.7340395
2017/1/1 17:57,992.55,992.6,992.53,992.6,15.0806
2017/1/1 17:58,993.01,993.18,992.99,993.18,6.39157013
2017/1/1 17:59,992.95,994.31,992.95,992.95,27.98909306
2017/1/1 18:00,993.75,993.75,993.75,993.75,0.1
2017/1/1 18:01,993.68,995,993.68,995,0.02036
2017/1/1 18:02,995.51,995.98,995.03,995.03,16.3693846
2017/1/1 18:03,995.01,995.01,995.01,995.01,4
2017/1/1 18:04,996.26,997,995.5,996.85,44.4889
2017/1/1 18:05,995.57,997,995.57,996.99,21.706438
2017/1/1 18:06,998.5,998.5,996.99,997.16,55.8057363
2017/1/1 18:07,997.18,997.25,996.03,996.59,37.63092844
2017/1/1 18:08,996.59,996.88,995.05,995.05,5.08844067
2017/1/1 18:09,996.86,996.86,996.86,996.86,0.1
2017/1/1 18:10,996.67,996.9,996.02,996.02,12.21996
2017/1/1 18:11,996.67,996.9,996.67,996.9,0.12
2017/1/1 18:12,996.9,997.72,996.9,997.08,12.27265033
2017/1/1 18:13,996.89,997.11,996.89,997,1.02764416
2017/1/1 18:14,996.99,997,996.9,996.99,1.5115733
2017/1/1 18:15,996.93,996.93,996.92,996.92,6.03366037
2017/1/1 18:16,996.3,996.3,995.68,995.95,7.024
2017/1/1 18:17,995.22,996.28,993.81,996.28,39.78431379
2017/1/1 18:18,996.27,996.28,996.27,996.28,0.18262291
2017/1/1 18:20,996.29,996.3,996.29,996.3,6.805015
2017/1/1 18:21,996.29,996.29,996.29,996.29,0.35
2017/1/1 18:22,996.3,996.3,996.29,996.29,1.53067247
2017/1/1 18:23,996.29,996.5,996.29,996.5,16.72255664
2017/1/1 18:24,996.88,996.88,996.83,996.84,7.1825
2017/1/1 18:25,996.85,997.01,996.85,997,6.63884766
2017/1/1 18:27,998.5,998.8,997.01,997.01,87.42412765
2017/1/1 18:28,998.29,998.79,998.2,998.79,13.81551723
2017/1/1 18:29,998.8,998.99,998.8,998.96,31.31460079
2017/1/1 18:30,998.95,999,998.93,998.99,45.11747948
2017/1/1 18:31,999,999,998.99,999,37.31984947
2017/1/1 18:32,999.89,1005,999.11,1000.7,303.8033506
2017/1/1 18:33,1002,1005,1001.3,1002.4,70.08664581
2017/1/1 18:34,1002.4,1003,1002.4,1002.5,1.21
2017/1/1 18:35,1003,1003,1002.5,1002.5,3.68062513
2017/1/1 18:36,1001.9,1003,1001.3,1003,32.96905627
2017/1/1 18:37,1003,1003.4,1001.9,1003.1,15.46059282
2017/1/1 18:38,1002.2,1002.2,1001,1001.9,19.32906967
2017/1/1 18:39,1001.9,1002,1001.7,1002,7.76742454
2017/1/1 18:40,1002.7,1002.7,1001.1,1001.1,15.77
2017/1/1 18:41,1001.1,1001.1,1001.1,1001.1,0.04945
2017/1/1 18:42,1002.5,1002.5,1001.1,1001.1,12.93880991
2017/1/1 18:43,1001.1,1001.2,1001.1,1001.1,4.31560709
2017/1/1 18:44,1001.1,1002.5,1001.1,1001.2,18.4782531
2017/1/1 18:45,1001.2,1001.2,1001.2,1001.2,0.83625144
2017/1/1 18:46,1001.2,1001.2,1001.2,1001.2,1.02625144
2017/1/1 18:47,1001.2,1001.2,1001.2,1001.2,0.12
2017/1/1 18:48,1001.2,1001.2,1001.2,1001.2,2
2017/1/1 18:49,1001.9,1001.9,1000.2,1000.2,3.27504114
2017/1/1 18:50,1000.2,1000.2,1000,1000,10.39542843
2017/1/1 18:51,1000,1000,1000,1000,14.40393575
2017/1/1 18:52,1000,1000,1000,1000,5
2017/1/1 18:53,1000,1000.8,1000,1000.6,0.11926861
2017/1/1 18:54,1000,1000.5,999.02,1000.5,36.16623887
2017/1/1 18:56,999.02,999.06,998,998.01,53.25722778
2017/1/1 18:57,999,999.99,999,999.01,12.03541257
2017/1/1 18:58,999.01,999.01,999.01,999.01,0.35
2017/1/1 18:59,999.01,999.92,999,999,1.52600561
2017/1/1 19:00,998.91,999.99,998.11,999.99,3.16
2017/1/1 19:01,999.29,999.92,999.29,999.92,0.21
2017/1/1 19:03,998.17,998.8,998,998.8,19.77304171
2017/1/1 19:04,998.88,998.91,998.88,998.91,2
2017/1/1 19:07,998.76,998.76,998.76,998.76,0.0249
2017/1/1 19:08,998.76,998.8,998.76,998.8,0.10754748
2017/1/1 19:09,998.26,998.5,997.01,998.47,33.17410523
2017/1/1 19:10,998.6,998.97,998.6,998.97,2.60398586
2017/1/1 19:11,998.89,998.89,998.89,998.89,0.01814449
2017/1/1 19:12,998.65,998.66,998.41,998.41,12.3089
2017/1/1 19:13,997.3,997.3,995.89,995.89,27.22979683
2017/1/1 19:14,995.22,995.88,995.22,995.23,20.89782304
2017/1/1 19:15,995.84,995.84,995.25,995.82,5.61997351
2017/1/1 19:16,995.89,998.06,995.81,997,68.85952355
2017/1/1 19:17,998.01,998.5,998,998,13.53438782
2017/1/1 19:18,997.09,1001.3,997.09,998.25,130.4790618
2017/1/1 19:19,1001,1001.2,998.82,1001.2,11.48894062
2017/1/1 19:20,1001,1001,998.99,999.52,8.71
2017/1/1 19:22,999.01,999.01,999.01,999.01,0.98070219
2017/1/1 19:23,999.01,999.01,999.01,999.01,0.1
2017/1/1 19:24,999.01,999.01,999.01,999.01,1.918
2017/1/1 19:25,999.01,999.01,997.03,997.05,12.147
2017/1/1 19:26,997.06,997.08,996.98,996.98,10.704
2017/1/1 19:27,997.99,997.99,997.99,997.99,0.70504814
2017/1/1 19:28,997.73,997.73,997.73,997.73,0.01
2017/1/1 19:30,998,998,998,998,10.05454256
2017/1/1 19:31,998.05,998.62,998.05,998.61,11
2017/1/1 19:34,999.08,999.08,999.08,999.08,0.05104708
2017/1/1 19:35,999.09,999.09,999.09,999.09,0.1
2017/1/1 19:36,999.09,999.9,999.09,999.86,19.16206636
2017/1/1 19:37,999.89,1001.6,999.57,1001.6,34.86190513
2017/1/1 19:38,1001,1001,1001,1001,1
2017/1/1 19:39,1001,1001,1001,1001,0.17193
2017/1/1 19:41,999.79,999.79,999.79,999.79,0.084
2017/1/1 19:43,999.93,1000,999.93,1000,6.726
2017/1/1 19:44,999.95,999.95,999.8,999.8,1.075
2017/1/1 19:45,999.96,999.96,999.89,999.89,0.39085612
2017/1/1 19:46,999.89,999.89,999.6,999.6,0.68602367
2017/1/1 19:47,999.89,1000.5,999.89,999.89,1.40985857
2017/1/1 19:49,1000.5,1000.5,1000.5,1000.5,0.94975965
2017/1/1 19:50,999.51,999.51,999.51,999.51,0.01013438
2017/1/1 19:51,999.51,999.51,999.51,999.51,0.25
2017/1/1 19:52,999.52,999.52,999.52,999.52,1.58481799
2017/1/1 19:53,1000.1,1000.1,1000.1,1000.1,0.04821796
2017/1/1 19:54,999.81,999.97,999.81,999.97,0.12333337
2017/1/1 19:56,999.87,999.87,999.87,999.87,0.3
2017/1/1 19:57,1000,1000,1000,1000,1
2017/1/1 19:58,1000,1000,999.52,999.52,6.21178582
2017/1/1 20:00,999.5,999.51,999.5,999.51,1.01155491
2017/1/1 20:01,999.51,999.51,999.51,999.51,3.66736573
2017/1/1 20:02,999.51,1001.5,999.51,1001.5,103.6209505
2017/1/1 20:03,1001,1001,1001,1001,1.56
2017/1/1 20:04,1001,1001.9,1001,1001.9,4.3353
2017/1/1 20:05,1001.5,1002.5,1001.5,1002.5,11.58391345
2017/1/1 20:06,1002.5,1002.5,1001.5,1002.5,8.44136636
2017/1/1 20:07,1001.5,1002.5,1001.5,1001.5,5.08
2017/1/1 20:08,1001.5,1001.5,1001.5,1001.5,0.9691
2017/1/1 20:10,1001.6,1002.4,1000.5,1002.4,19.056885
2017/1/1 20:11,1001.5,1002.5,1001.5,1001.5,0.36754523
2017/1/1 20:12,1001.5,1002.5,1001.5,1002.5,0.50721767
2017/1/1 20:13,1002.5,1002.5,1002.5,1002.5,0.49084663
2017/1/1 20:14,1002.5,1002.5,1002.4,1002.5,16.10852959
2017/1/1 20:15,1002.5,1002.5,1002,1002.3,4.96590328
2017/1/1 20:16,1002.3,1002.5,1002,1002.5,13.39
2017/1/1 20:17,1002.3,1002.3,1001.8,1001.8,1.1389
2017/1/1 20:18,1002.3,1002.5,1002.3,1002.5,0.1125
2017/1/1 20:19,1002.5,1002.5,1002.5,1002.5,0.81691826
2017/1/1 20:20,1002.3,1002.4,1002.3,1002.3,2.33972057
2017/1/1 20:21,1002.3,1002.3,1002.1,1002.1,1.49813133
2017/1/1 20:22,1002.3,1002.3,1002.3,1002.3,0.96941726
2017/1/1 20:23,1002.4,1002.4,1002.3,1002.3,8.77707162
2017/1/1 20:24,1002.3,1002.3,1002.3,1002.3,1.02628837
2017/1/1 20:25,1002.4,1002.4,1002.3,1002.3,0.03
2017/1/1 20:26,1002.4,1002.4,1002.4,1002.4,0.01
2017/1/1 20:27,1002.4,1002.5,1002.3,1002.3,12.93165366
2017/1/1 20:28,1002.5,1002.5,1002.3,1002.5,17.42257751
2017/1/1 20:29,1002.5,1004.9,1002.5,1004.9,79.5948327
2017/1/1 20:30,1004.9,1005,1004.9,1005,21.45898524
2017/1/1 20:31,1005,1005,1004.9,1005,16.8830996
2017/1/1 20:32,1005,1005,1004.5,1004.5,4.37046112
2017/1/1 20:33,1003.9,1005,1003.4,1004.9,37.87584192
2017/1/1 20:34,1004.9,1004.9,1004,1004.5,1.3062153
2017/1/1 20:35,1004.9,1005,1004.4,1005,13.46793605
2017/1/1 20:36,1005,1005,1005,1005,12.135
2017/1/1 20:37,1005,1005,1004.3,1004.3,7.62344354
2017/1/1 20:39,1004,1004,1004,1004,3.02
2017/1/1 20:40,1002.6,1002.6,999.5,1000,47.25620571
2017/1/1 20:41,1000,1001.8,999.5,1000.8,28.06144785
2017/1/1 20:42,1000.3,1000.8,1000.3,1000.3,0.07745953
2017/1/1 20:43,1001.5,1001.5,1001.5,1001.5,3.51
2017/1/1 20:44,1001,1004,1000.6,1001.2,5.29342166
2017/1/1 20:45,1003.1,1003.1,1003.1,1003.1,2
2017/1/1 20:46,1002.6,1002.6,1002.6,1002.6,0.05
2017/1/1 20:47,1002.6,1002.6,1001.2,1001.2,1.045
2017/1/1 20:48,1002.5,1002.5,1002.5,1002.5,3.55
2017/1/1 20:49,1002.5,1002.8,1001.9,1002.8,4.13631244
2017/1/1 20:50,1002.8,1002.8,1002.8,1002.8,0.01582239
2017/1/1 20:51,1002.8,1004.8,1002.6,1002.6,104.4995758
2017/1/1 20:52,1003,1004.8,1003,1004.8,12.5323648
2017/1/1 20:53,1004.8,1004.8,1004.7,1004.7,0.25085256
2017/1/1 20:55,1004.8,1004.8,1004.8,1004.8,26.43807911
2017/1/1 20:56,1004.7,1004.8,1004.7,1004.8,0.78921704
2017/1/1 20:57,1004.7,1004.7,1004.4,1004.4,8.9906
2017/1/1 20:59,1004.4,1004.4,1004,1004,1
2017/1/1 21:01,1004.8,1004.8,1004.4,1004.4,5.08763674
2017/1/1 21:03,1004.8,1005,1004.8,1004.8,62.86405067
2017/1/1 21:04,1005.5,1006.5,1005.2,1006.4,21.88693866
2017/1/1 21:05,1005.1,1005.1,1005.1,1005.1,0.49906799
2017/1/1 21:06,1005.1,1005.2,1005.1,1005.2,0.36892777
2017/1/1 21:07,1005.5,1005.5,1005.5,1005.5,1
2017/1/1 21:08,1005.2,1005.3,1005,1005,53.06081735
2017/1/1 21:09,1005,1005,1005,1005,1.77010108
2017/1/1 21:10,1005,1005,1005,1005,4.32255785
2017/1/1 21:11,1005,1005.1,1005,1005.1,5.57603432
2017/1/1 21:12,1005.1,1005.1,1005.1,1005.1,5
2017/1/1 21:14,1005,1005.5,1005,1005.5,0.21996
2017/1/1 21:15,1005,1005,1005,1005,0.0793
2017/1/1 21:16,1005,1005.1,1004,1004,33.29858049
2017/1/1 21:18,1005,1005,1005,1005,0.499118
2017/1/1 21:19,1004.8,1005,1004.2,1004.2,0.82531219
2017/1/1 21:20,1004.1,1004.8,1004.1,1004.8,33.7522928
2017/1/1 21:21,1004.5,1004.7,1004.5,1004.7,4.281
2017/1/1 21:24,1004.1,1004.1,1004.1,1004.1,0.07575655
2017/1/1 21:25,1004.7,1004.7,1004.7,1004.7,0.02
2017/1/1 21:26,1004.7,1004.7,1004.7,1004.7,0.02
2017/1/1 21:28,1005.4,1005.4,1004.7,1004.7,0.5
2017/1/1 21:29,1005.4,1005.5,1005.4,1005.4,13.20421317
2017/1/1 21:31,1005.2,1005.5,1005.2,1005.5,5.106936
2017/1/1 21:32,1005.5,1005.5,1005.5,1005.5,0.1
2017/1/1 21:33,1005.5,1005.5,1005.5,1005.5,0.1
2017/1/1 21:34,1005.4,1005.4,1005.4,1005.4,0.0386
2017/1/1 21:35,1005.4,1005.5,1005.4,1005.5,0.08343773
2017/1/1 21:36,1005.5,1005.5,1005.3,1005.4,15.09095995
2017/1/1 21:37,1005.5,1005.5,1005.5,1005.5,182.3378256
2017/1/1 21:39,1005.6,1006.5,1005.6,1006.5,0.08106839
2017/1/1 21:40,1005.8,1006.5,1005.8,1005.8,8.37629584
2017/1/1 21:41,1005.8,1006.5,1005.8,1005.9,2.35774659
2017/1/1 21:42,1005.9,1005.9,1005.8,1005.8,0.09779574
2017/1/1 21:43,1006.5,1006.5,1005.8,1005.8,10.05841323
2017/1/1 21:44,1005.8,1005.8,1005.8,1005.8,0.229845
2017/1/1 21:45,1006.3,1006.3,1005.5,1005.8,0.0584
2017/1/1 21:46,1006.3,1006.3,1005.8,1005.8,0.19715203
2017/1/1 21:47,1005.8,1006.3,1005.8,1005.8,0.45
2017/1/1 21:48,1006.3,1006.3,1005.8,1005.8,0.87028163
2017/1/1 21:49,1005.8,1005.8,1005.6,1005.6,1.93
2017/1/1 21:50,1005.8,1005.8,1005.6,1005.6,0.3689704
2017/1/1 21:51,1005.6,1005.6,1005.5,1005.5,3.71169976
2017/1/1 21:52,1005.5,1006.5,1005.5,1005.6,1.40347536
2017/1/1 21:53,1004.5,1005.6,1004.5,1005.3,51.81857454
2017/1/1 21:54,1006.4,1006.4,1004.6,1004.6,2.01
2017/1/1 21:55,1004.6,1004.6,1004.6,1004.6,0.04
2017/1/1 21:56,1004.6,1004.6,1004.6,1004.6,0.05
2017/1/1 21:57,1004.6,1005.3,1004.6,1004.9,1.62183577
2017/1/1 21:58,1004.9,1004.9,1004.5,1004.5,10.937581
2017/1/1 21:59,1004.5,1004.6,1004.5,1004.6,4.11412512
2017/1/1 22:00,1004.5,1004.5,1004.5,1004.5,0.02
2017/1/1 22:01,1004.5,1004.5,1004.5,1004.5,0.956
2017/1/1 22:02,1005.8,1005.8,1004.7,1004.8,5.26203437
2017/1/1 22:03,1004.8,1006.5,1004.8,1004.8,20.05217326
2017/1/1 22:04,1004.8,1004.9,1004.8,1004.9,0.05
2017/1/1 22:05,1004.9,1004.9,1004.9,1004.9,0.05
2017/1/1 22:06,1004.9,1004.9,1004.5,1004.5,0.04
2017/1/1 22:07,1004.5,1004.5,1004.5,1004.5,1.84
2017/1/1 22:08,1004.5,1004.5,1004.5,1004.5,0.02
2017/1/1 22:09,1004.5,1004.5,1004.5,1004.5,0.04
2017/1/1 22:10,1004.5,1004.5,1004.5,1004.5,0.05
2017/1/1 22:11,1004.5,1004.5,1004.4,1004.4,0.03
2017/1/1 22:12,1004.4,1004.4,1004.4,1004.4,0.66496218
2017/1/1 22:13,1004.4,1004.4,1004.1,1004.1,12.41623987
2017/1/1 22:15,1004.2,1004.2,1004.2,1004.2,20.9674
2017/1/1 22:16,1004.2,1004.2,1004.1,1004.1,15.49597558
2017/1/1 22:17,1004.1,1004.1,1004.1,1004.1,0.00037007
2017/1/1 22:18,1006.5,1006.5,1004.2,1005.8,45.03328464
2017/1/1 22:19,1004.7,1004.7,1004.7,1004.7,0.5
2017/1/1 22:23,1004.9,1004.9,1004.9,1004.9,0.05752899
2017/1/1 22:24,1004.9,1004.9,1004.9,1004.9,1.082
2017/1/1 22:25,1004.6,1004.6,1004.6,1004.6,1
2017/1/1 22:28,1004.6,1004.6,1004.6,1004.6,0.05
2017/1/1 22:30,1004.6,1004.6,1004.6,1004.6,0.3
2017/1/1 22:32,1004.6,1004.6,1004.6,1004.6,0.1186622
2017/1/1 22:33,1004.6,1004.6,1004.6,1004.6,0.146
2017/1/1 22:34,1004.6,1004.6,1004.6,1004.6,0.1
2017/1/1 22:35,1004.7,1004.7,1004.6,1004.6,10.60446167
2017/1/1 22:36,1004.2,1004.6,1004.2,1004.6,7.80925882
2017/1/1 22:38,1004.7,1004.7,1004.7,1004.7,0.2
2017/1/1 22:40,1004.6,1004.6,1004.5,1004.5,0.3
2017/1/1 22:41,1004.2,1004.7,1004.2,1004.7,2.02228991
2017/1/1 22:45,1004.7,1004.7,1004.7,1004.7,0.04053297
2017/1/1 22:47,1004.7,1004.7,1004.7,1004.7,0.8735
2017/1/1 22:49,1004.6,1004.6,1004.6,1004.6,0.02
2017/1/1 22:51,1004.5,1004.5,1004.5,1004.5,0.0279
2017/1/1 22:52,1004.5,1004.5,1004,1004,39.95018342
2017/1/1 22:53,1004.4,1004.4,1004,1004,2.801826
2017/1/1 22:54,1004.4,1004.4,1004,1004.2,1.25056727
2017/1/1 22:55,1004,1004.6,1004,1004.1,0.1
2017/1/1 22:56,1004.6,1004.6,1004.6,1004.6,0.01
2017/1/1 22:57,1004.6,1004.6,1004.1,1004.1,2.98601788
2017/1/1 22:58,1004.6,1004.7,1004.6,1004.7,1.1
2017/1/1 23:01,1004.7,1004.7,1004.1,1004.1,0.45489132
2017/1/1 23:02,1004.7,1005.8,1004.5,1005.8,5.74373205
2017/1/1 23:03,1005.4,1005.4,1005.4,1005.4,0.96
2017/1/1 23:04,1005.3,1005.4,1005.3,1005.4,5.708
2017/1/1 23:05,1004.8,1004.8,1004.8,1004.8,0.46750338
2017/1/1 23:06,1004.8,1005.3,1004.8,1005.3,1.04429963
2017/1/1 23:07,1004.8,1004.8,1004.8,1004.8,2.488055
2017/1/1 23:08,1004,1004,997.56,1001.3,204.8291307
2017/1/1 23:09,1001.3,1001.4,997,1000.8,61.73508274
2017/1/1 23:10,1000,1000,998.81,1000,54.56304328
2017/1/1 23:11,1000,1001,999.25,999.25,31.9116494
2017/1/1 23:12,999.35,1000.7,999.35,999.99,11.587
2017/1/1 23:13,999.99,1000,998.13,998.13,4.447
2017/1/1 23:14,998.12,999.25,998.12,999.25,0.25443833
2017/1/1 23:15,998.54,998.8,995.03,995.03,43.6588469
2017/1/1 23:16,997.46,997.74,995.06,997.74,7.95963967
2017/1/1 23:18,998.4,998.4,997.67,997.67,3.82635717
2017/1/1 23:19,998.45,999.04,998.29,999,5.708
2017/1/1 23:20,999.04,999.05,998.86,998.99,7.41474482
2017/1/1 23:21,999.02,999.02,998.99,998.99,16.04957131
2017/1/1 23:22,998.99,999.98,998.99,999.62,10.859
2017/1/1 23:23,998.4,998.4,998.4,998.4,5.24
2017/1/1 23:24,998.41,999.99,998.41,999.99,1.52
2017/1/1 23:25,999.99,999.99,999.99,999.99,0.13774
2017/1/1 23:26,999.99,1000,999.99,1000,1.66
2017/1/1 23:27,999.99,999.99,999.99,999.99,0.0176378
2017/1/1 23:28,999.99,1000,999.99,1000,1.50903611
2017/1/1 23:31,1000,1000,999.99,1000,0.74271873
2017/1/1 23:32,1000.1,1001.6,1000,1001.6,12.10250519
2017/1/1 23:35,999.18,999.18,999.18,999.18,1
2017/1/1 23:36,1001.2,1001.2,1001.2,1001.2,0.1
2017/1/1 23:39,999.5,999.5,995.08,995.08,79.48390999
2017/1/1 23:40,996.31,996.39,996.01,996.01,2.58237791
2017/1/1 23:41,996.42,996.42,996.42,996.42,0.089375
2017/1/1 23:42,997.49,997.49,996.42,996.55,2.13153225
2017/1/1 23:43,996.56,996.56,996.53,996.53,0.46877775
2017/1/1 23:44,996.51,998.07,996.51,998.07,0.4
2017/1/1 23:45,997.43,997.43,995.06,997.09,6.751864
2017/1/1 23:46,996.68,997.18,996,997.18,2.04631918
2017/1/1 23:47,997.15,997.15,996.01,996.96,2.54779313
2017/1/1 23:48,996.94,997.69,996.94,997.68,13.88758
2017/1/1 23:49,997.42,997.42,997.42,997.42,0.6
2017/1/1 23:50,998.87,999.17,991.5,996.78,342.3822698
2017/1/1 23:51,996.87,997.7,996.87,997.32,23.69432098
2017/1/1 23:52,997.35,997.35,996.88,996.88,2.82042627
2017/1/1 23:53,997.39,997.39,997.39,997.39,1.91715
2017/1/1 23:54,997.38,997.39,996.99,996.99,2.40644
2017/1/1 23:55,997,998.5,996.88,997.08,13.5365
2017/1/1 23:56,996.88,999.34,996.28,999.34,42.43090708
2017/1/1 23:59,997.8,998.99,997.39,998.99,15.0261
